Id	Print_Name	Inverted_Name
aaa	Ghotuo	Ghotuo
aab	Alumu-Tesu	Alumu-Tesu
aac	Ari	Ari
aad	Amal	Amal
aae	Arbëreshë Albanian	Albanian, Arbëreshë
aaf	Aranadan	Aranadan
aag	Ambrak	Ambrak
aah	Abu' Arapesh	Arapesh, Abu'
aai	Arifama-Miniafia	Arifama-Miniafia
aak	Ankave	Ankave
aal	Afade	Afade
aam	Aramanik	Aramanik
aan	Anambé	Anambé
aao	Algerian Saharan Arabic	Arabic, Algerian Saharan
aap	Pará Arára	Arára, Pará
aaq	Eastern Abnaki	Abnaki, Eastern
aar	Afar	Afar
aas	Aasáx	Aasáx
aat	Arvanitika Albanian	Albanian, Arvanitika
aau	Abau	Abau
aaw	Solong	Solong
aax	Mandobo Atas	Mandobo Atas
aaz	Amarasi	Amarasi
aba	Abé	Abé
abb	Bankon	Bankon
abc	Ambala Ayta	Ayta, Ambala
abd	Manide	Manide
abe	Western Abnaki	Abnaki, Western
abf	Abai Sungai	Abai Sungai
abg	Abaga	Abaga
abh	Tajiki Arabic	Arabic, Tajiki
abi	Abidji	Abidji
abj	Aka-Bea	Aka-Bea
abk	Abkhazian	Abkhazian
abl	Lampung Nyo	Lampung Nyo
abm	Abanyom	Abanyom
abn	Abua	Abua
abo	Abon	Abon
abp	Abellen Ayta	Ayta, Abellen
abq	Abaza	Abaza
abr	Abron	Abron
abs	Ambonese Malay	Malay, Ambonese
abt	Ambulas	Ambulas
abu	Abure	Abure
abv	Baharna Arabic	Arabic, Baharna
abw	Pal	Pal
abx	Inabaknon	Inabaknon
aby	Aneme Wake	Aneme Wake
abz	Abui	Abui
aca	Achagua	Achagua
acb	Áncá	Áncá
acd	Gikyode	Gikyode
ace	Achinese	Achinese
acf	Saint Lucian Creole French	Creole French, Saint Lucian
ach	Acoli	Acoli
aci	Aka-Cari	Aka-Cari
ack	Aka-Kora	Aka-Kora
acl	Akar-Bale	Akar-Bale
acm	Mesopotamian Arabic	Arabic, Mesopotamian
acn	Achang	Achang
acp	Eastern Acipa	Acipa, Eastern
acq	Ta'izzi-Adeni Arabic	Arabic, Ta'izzi-Adeni
acr	Achi	Achi
acs	Acroá	Acroá
act	Achterhoeks	Achterhoeks
acu	Achuar-Shiwiar	Achuar-Shiwiar
acv	Achumawi	Achumawi
acw	Hijazi Arabic	Arabic, Hijazi
acx	Omani Arabic	Arabic, Omani
acy	Cypriot Arabic	Arabic, Cypriot
acz	Acheron	Acheron
ada	Adangme	Adangme
adb	Adabe	Adabe
add	Dzodinka	Dzodinka
ade	Adele	Adele
adf	Dhofari Arabic	Arabic, Dhofari
adg	Andegerebinha	Andegerebinha
adh	Adhola	Adhola
adi	Adi	Adi
adj	Adioukrou	Adioukrou
adl	Galo	Galo
adn	Adang	Adang
ado	Abu	Abu
adp	Adap	Adap
adq	Adangbe	Adangbe
adr	Adonara	Adonara
ads	Adamorobe Sign Language	Adamorobe Sign Language
adt	Adnyamathanha	Adnyamathanha
adu	Aduge	Aduge
adw	Amundava	Amundava
adx	Amdo Tibetan	Tibetan, Amdo
ady	Adygei	Adygei
ady	Adyghe	Adyghe
adz	Adzera	Adzera
aea	Areba	Areba
aeb	Tunisian Arabic	Arabic, Tunisian
aec	Saidi Arabic	Arabic, Saidi
aed	Argentine Sign Language	Argentine Sign Language
aee	Northeast Pashayi	Pashayi, Northeast
aek	Haeke	Haeke
ael	Ambele	Ambele
aem	Arem	Arem
aen	Armenian Sign Language	Armenian Sign Language
aeq	Aer	Aer
aer	Eastern Arrernte	Arrernte, Eastern
aes	Alsea	Alsea
aeu	Akeu	Akeu
aew	Ambakich	Ambakich
aey	Amele	Amele
aez	Aeka	Aeka
afb	Gulf Arabic	Arabic, Gulf
afd	Andai	Andai
afe	Putukwam	Putukwam
afg	Afghan Sign Language	Afghan Sign Language
afh	Afrihili	Afrihili
afi	Akrukay	Akrukay
afk	Nanubae	Nanubae
afn	Defaka	Defaka
afo	Eloyi	Eloyi
afp	Tapei	Tapei
afr	Afrikaans	Afrikaans
afs	Afro-Seminole Creole	Creole, Afro-Seminole
aft	Afitti	Afitti
afu	Awutu	Awutu
afz	Obokuitai	Obokuitai
aga	Aguano	Aguano
agb	Legbo	Legbo
agc	Agatu	Agatu
agd	Agarabi	Agarabi
age	Angal	Angal
agf	Arguni	Arguni
agg	Angor	Angor
agh	Ngelima	Ngelima
agi	Agariya	Agariya
agj	Argobba	Argobba
agk	Isarog Agta	Agta, Isarog
agl	Fembe	Fembe
agm	Angaataha	Angaataha
agn	Agutaynen	Agutaynen
ago	Tainae	Tainae
agq	Aghem	Aghem
agr	Aguaruna	Aguaruna
ags	Esimbi	Esimbi
agt	Central Cagayan Agta	Agta, Central Cagayan
agu	Aguacateco	Aguacateco
agv	Remontado Dumagat	Dumagat, Remontado
agw	Kahua	Kahua
agx	Aghul	Aghul
agy	Southern Alta	Alta, Southern
agz	Mt. Iriga Agta	Agta, Mt. Iriga
aha	Ahanta	Ahanta
ahb	Axamb	Axamb
ahg	Qimant	Qimant
ahh	Aghu	Aghu
ahi	Tiagbamrin Aizi	Aizi, Tiagbamrin
ahk	Akha	Akha
ahl	Igo	Igo
ahm	Mobumrin Aizi	Aizi, Mobumrin
ahn	Àhàn	Àhàn
aho	Ahom	Ahom
ahp	Aproumu Aizi	Aizi, Aproumu
ahr	Ahirani	Ahirani
ahs	Ashe	Ashe
aht	Ahtena	Ahtena
aia	Arosi	Arosi
aib	Ainu (China)	Ainu (China)
aic	Ainbai	Ainbai
aid	Alngith	Alngith
aie	Amara	Amara
aif	Agi	Agi
aig	Antigua and Barbuda Creole English	Creole English, Antigua and Barbuda
aih	Ai-Cham	Ai-Cham
aii	Assyrian Neo-Aramaic	Neo-Aramaic, Assyrian
aij	Lishanid Noshan	Lishanid Noshan
aik	Ake	Ake
ail	Aimele	Aimele
aim	Aimol	Aimol
ain	Ainu (Japan)	Ainu (Japan)
aio	Aiton	Aiton
aip	Burumakok	Burumakok
aiq	Aimaq	Aimaq
air	Airoran	Airoran
ais	Nataoran Amis	Amis, Nataoran
ait	Arikem	Arikem
aiw	Aari	Aari
aix	Aighon	Aighon
aiy	Ali	Ali
aja	Aja (Sudan)	Aja (Sudan)
ajg	Aja (Benin)	Aja (Benin)
aji	Ajië	Ajië
ajn	Andajin	Andajin
ajp	South Levantine Arabic	Arabic, South Levantine
ajt	Judeo-Tunisian Arabic	Arabic, Judeo-Tunisian
aju	Judeo-Moroccan Arabic	Arabic, Judeo-Moroccan
ajw	Ajawa	Ajawa
ajz	Amri Karbi	Karbi, Amri
aka	Akan	Akan
akb	Batak Angkola	Batak Angkola
akc	Mpur	Mpur
akd	Ukpet-Ehom	Ukpet-Ehom
ake	Akawaio	Akawaio
akf	Akpa	Akpa
akg	Anakalangu	Anakalangu
akh	Angal Heneng	Angal Heneng
aki	Aiome	Aiome
akj	Aka-Jeru	Aka-Jeru
akk	Akkadian	Akkadian
akl	Aklanon	Aklanon
akm	Aka-Bo	Aka-Bo
ako	Akurio	Akurio
akp	Siwu	Siwu
akq	Ak	Ak
akr	Araki	Araki
aks	Akaselem	Akaselem
akt	Akolet	Akolet
aku	Akum	Akum
akv	Akhvakh	Akhvakh
akw	Akwa	Akwa
akx	Aka-Kede	Aka-Kede
aky	Aka-Kol	Aka-Kol
akz	Alabama	Alabama
ala	Alago	Alago
alc	Qawasqar	Qawasqar
ald	Alladian	Alladian
ale	Aleut	Aleut
alf	Alege	Alege
alh	Alawa	Alawa
ali	Amaimon	Amaimon
alj	Alangan	Alangan
alk	Alak	Alak
all	Allar	Allar
alm	Amblong	Amblong
aln	Gheg Albanian	Albanian, Gheg
alo	Larike-Wakasihu	Larike-Wakasihu
alp	Alune	Alune
alq	Algonquin	Algonquin
alr	Alutor	Alutor
als	Tosk Albanian	Albanian, Tosk
alt	Southern Altai	Altai, Southern
alu	'Are'are	'Are'are
alw	Alaba-K’abeena	Alaba-K’abeena
alw	Wanbasana	Wanbasana
alx	Amol	Amol
aly	Alyawarr	Alyawarr
alz	Alur	Alur
ama	Amanayé	Amanayé
amb	Ambo	Ambo
amc	Amahuaca	Amahuaca
ame	Yanesha'	Yanesha'
amf	Hamer-Banna	Hamer-Banna
amg	Amurdak	Amurdak
amh	Amharic	Amharic
ami	Amis	Amis
amj	Amdang	Amdang
amk	Ambai	Ambai
aml	War-Jaintia	War-Jaintia
amm	Ama (Papua New Guinea)	Ama (Papua New Guinea)
amn	Amanab	Amanab
amo	Amo	Amo
amp	Alamblak	Alamblak
amq	Amahai	Amahai
amr	Amarakaeri	Amarakaeri
ams	Southern Amami-Oshima	Amami-Oshima, Southern
amt	Amto	Amto
amu	Guerrero Amuzgo	Amuzgo, Guerrero
amv	Ambelau	Ambelau
amw	Western Neo-Aramaic	Neo-Aramaic, Western
amx	Anmatyerre	Anmatyerre
amy	Ami	Ami
amz	Atampaya	Atampaya
ana	Andaqui	Andaqui
anb	Andoa	Andoa
anc	Ngas	Ngas
and	Ansus	Ansus
ane	Xârâcùù	Xârâcùù
anf	Animere	Animere
ang	Old English (ca. 450-1100)	English, Old (ca. 450-1100)
anh	Nend	Nend
ani	Andi	Andi
anj	Anor	Anor
ank	Goemai	Goemai
anl	Anu-Hkongso Chin	Chin, Anu-Hkongso
anm	Anal	Anal
ann	Obolo	Obolo
ano	Andoque	Andoque
anp	Angika	Angika
anq	Jarawa (India)	Jarawa (India)
anr	Andh	Andh
ans	Anserma	Anserma
ant	Antakarinya	Antakarinya
anu	Anuak	Anuak
anv	Denya	Denya
anw	Anaang	Anaang
anx	Andra-Hus	Andra-Hus
any	Anyin	Anyin
anz	Anem	Anem
aoa	Angolar	Angolar
aob	Abom	Abom
aoc	Pemon	Pemon
aod	Andarum	Andarum
aoe	Angal Enen	Angal Enen
aof	Bragat	Bragat
aog	Angoram	Angoram
aoh	Arma	Arma
aoi	Anindilyakwa	Anindilyakwa
aoj	Mufian	Mufian
aok	Arhö	Arhö
aol	Alor	Alor
aom	Ömie	Ömie
aon	Bumbita Arapesh	Arapesh, Bumbita
aor	Aore	Aore
aos	Taikat	Taikat
aot	A'tong	A'tong
aou	A'ou	A'ou
aox	Atorada	Atorada
aoz	Uab Meto	Uab Meto
apb	Sa'a	Sa'a
apc	North Levantine Arabic	Arabic, North Levantine
apd	Sudanese Arabic	Arabic, Sudanese
ape	Bukiyip	Bukiyip
apf	Pahanan Agta	Agta, Pahanan
apg	Ampanang	Ampanang
aph	Athpariya	Athpariya
api	Apiaká	Apiaká
apj	Jicarilla Apache	Apache, Jicarilla
apk	Kiowa Apache	Apache, Kiowa
apl	Lipan Apache	Apache, Lipan
apm	Mescalero-Chiricahua Apache	Apache, Mescalero-Chiricahua
apn	Apinayé	Apinayé
apo	Ambul	Ambul
app	Apma	Apma
apq	A-Pucikwar	A-Pucikwar
apr	Arop-Lokep	Arop-Lokep
aps	Arop-Sissano	Arop-Sissano
apt	Apatani	Apatani
apu	Apurinã	Apurinã
apv	Alapmunte	Alapmunte
apw	Western Apache	Apache, Western
apx	Aputai	Aputai
apy	Apalaí	Apalaí
apz	Safeyoka	Safeyoka
aqc	Archi	Archi
aqd	Ampari Dogon	Dogon, Ampari
aqg	Arigidi	Arigidi
aqm	Atohwaim	Atohwaim
aqn	Northern Alta	Alta, Northern
aqp	Atakapa	Atakapa
aqr	Arhâ	Arhâ
aqz	Akuntsu	Akuntsu
ara	Arabic	Arabic
arb	Standard Arabic	Arabic, Standard
arc	Imperial Aramaic (700-300 BCE)	Aramaic, Imperial (700-300 BCE)
arc	Official Aramaic (700-300 BCE)	Aramaic, Official (700-300 BCE)
ard	Arabana	Arabana
are	Western Arrarnta	Arrarnta, Western
arg	Aragonese	Aragonese
arh	Arhuaco	Arhuaco
ari	Arikara	Arikara
arj	Arapaso	Arapaso
ark	Arikapú	Arikapú
arl	Arabela	Arabela
arn	Mapuche	Mapuche
arn	Mapudungun	Mapudungun
aro	Araona	Araona
arp	Arapaho	Arapaho
arq	Algerian Arabic	Arabic, Algerian
arr	Karo (Brazil)	Karo (Brazil)
ars	Najdi Arabic	Arabic, Najdi
aru	Arawá	Arawá
aru	Aruá (Amazonas State)	Aruá (Amazonas State)
arv	Arbore	Arbore
arw	Arawak	Arawak
arx	Aruá (Rodonia State)	Aruá (Rodonia State)
ary	Moroccan Arabic	Arabic, Moroccan
arz	Egyptian Arabic	Arabic, Egyptian
asa	Asu (Tanzania)	Asu (Tanzania)
asb	Assiniboine	Assiniboine
asc	Casuarina Coast Asmat	Asmat, Casuarina Coast
asd	Asas	Asas
ase	American Sign Language	American Sign Language
asf	Australian Sign Language	Australian Sign Language
asg	Cishingini	Cishingini
ash	Abishira	Abishira
asi	Buruwai	Buruwai
asj	Nsari	Nsari
ask	Ashkun	Ashkun
asl	Asilulu	Asilulu
asm	Assamese	Assamese
asn	Xingú Asuriní	Asuriní, Xingú
aso	Dano	Dano
asp	Algerian Sign Language	Algerian Sign Language
asq	Austrian Sign Language	Austrian Sign Language
asr	Asuri	Asuri
ass	Ipulo	Ipulo
ast	Asturian	Asturian
ast	Asturleonese	Asturleonese
ast	Bable	Bable
ast	Leonese	Leonese
asu	Tocantins Asurini	Asurini, Tocantins
asv	Asoa	Asoa
asw	Australian Aborigines Sign Language	Australian Aborigines Sign Language
asx	Muratayak	Muratayak
asy	Yaosakor Asmat	Asmat, Yaosakor
asz	As	As
ata	Pele-Ata	Pele-Ata
atb	Zaiwa	Zaiwa
atc	Atsahuaca	Atsahuaca
atd	Ata Manobo	Manobo, Ata
ate	Atemble	Atemble
atg	Ivbie North-Okpela-Arhe	Ivbie North-Okpela-Arhe
ati	Attié	Attié
atj	Atikamekw	Atikamekw
atk	Ati	Ati
atl	Mt. Iraya Agta	Agta, Mt. Iraya
atm	Ata	Ata
atn	Ashtiani	Ashtiani
ato	Atong	Atong
atp	Pudtol Atta	Atta, Pudtol
atq	Aralle-Tabulahan	Aralle-Tabulahan
atr	Waimiri-Atroari	Waimiri-Atroari
ats	Gros Ventre	Gros Ventre
att	Pamplona Atta	Atta, Pamplona
atu	Reel	Reel
atv	Northern Altai	Altai, Northern
atw	Atsugewi	Atsugewi
atx	Arutani	Arutani
aty	Aneityum	Aneityum
atz	Arta	Arta
aua	Asumboa	Asumboa
aub	Alugu	Alugu
auc	Waorani	Waorani
aud	Anuta	Anuta
aue	=/Kx'au//'ein	=/Kx'au//'ein
aug	Aguna	Aguna
auh	Aushi	Aushi
aui	Anuki	Anuki
auj	Awjilah	Awjilah
auk	Heyo	Heyo
aul	Aulua	Aulua
aum	Asu (Nigeria)	Asu (Nigeria)
aun	Molmo One	One, Molmo
auo	Auyokawa	Auyokawa
aup	Makayam	Makayam
auq	Anus	Anus
auq	Korur	Korur
aur	Aruek	Aruek
aut	Austral	Austral
auu	Auye	Auye
auw	Awyi	Awyi
aux	Aurá	Aurá
auy	Awiyaana	Awiyaana
auz	Uzbeki Arabic	Arabic, Uzbeki
ava	Avaric	Avaric
avb	Avau	Avau
avd	Alviri-Vidari	Alviri-Vidari
ave	Avestan	Avestan
avi	Avikam	Avikam
avk	Kotava	Kotava
avl	Eastern Egyptian Bedawi Arabic	Arabic, Eastern Egyptian Bedawi
avm	Angkamuthi	Angkamuthi
avn	Avatime	Avatime
avo	Agavotaguerra	Agavotaguerra
avs	Aushiri	Aushiri
avt	Au	Au
avu	Avokaya	Avokaya
avv	Avá-Canoeiro	Avá-Canoeiro
awa	Awadhi	Awadhi
awb	Awa (Papua New Guinea)	Awa (Papua New Guinea)
awc	Cicipu	Cicipu
awe	Awetí	Awetí
awg	Anguthimri	Anguthimri
awh	Awbono	Awbono
awi	Aekyom	Aekyom
awk	Awabakal	Awabakal
awm	Arawum	Arawum
awn	Awngi	Awngi
awo	Awak	Awak
awr	Awera	Awera
aws	South Awyu	Awyu, South
awt	Araweté	Araweté
awu	Central Awyu	Awyu, Central
awv	Jair Awyu	Awyu, Jair
aww	Awun	Awun
awx	Awara	Awara
awy	Edera Awyu	Awyu, Edera
axb	Abipon	Abipon
axe	Ayerrerenge	Ayerrerenge
axg	Mato Grosso Arára	Arára, Mato Grosso
axk	Yaka (Central African Republic)	Yaka (Central African Republic)
axm	Middle Armenian	Armenian, Middle
axx	Xaragure	Xaragure
aya	Awar	Awar
ayb	Ayizo Gbe	Gbe, Ayizo
ayc	Southern Aymara	Aymara, Southern
ayd	Ayabadhu	Ayabadhu
aye	Ayere	Ayere
ayg	Ginyanga	Ginyanga
ayh	Hadrami Arabic	Arabic, Hadrami
ayi	Leyigha	Leyigha
ayk	Akuku	Akuku
ayl	Libyan Arabic	Arabic, Libyan
aym	Aymara	Aymara
ayn	Sanaani Arabic	Arabic, Sanaani
ayo	Ayoreo	Ayoreo
ayp	North Mesopotamian Arabic	Arabic, North Mesopotamian
ayq	Ayi (Papua New Guinea)	Ayi (Papua New Guinea)
ayr	Central Aymara	Aymara, Central
ays	Sorsogon Ayta	Ayta, Sorsogon
ayt	Magbukun Ayta	Ayta, Magbukun
ayu	Ayu	Ayu
ayy	Tayabas Ayta	Ayta, Tayabas
ayz	Mai Brat	Mai Brat
aza	Azha	Azha
azb	South Azerbaijani	Azerbaijani, South
azd	Eastern Durango Nahuatl	Nahuatl, Eastern Durango
aze	Azerbaijani	Azerbaijani
azg	San Pedro Amuzgos Amuzgo	Amuzgo, San Pedro Amuzgos
azj	North Azerbaijani	Azerbaijani, North
azm	Ipalapa Amuzgo	Amuzgo, Ipalapa
azn	Western Durango Nahuatl	Nahuatl, Western Durango
azo	Awing	Awing
azt	Faire Atta	Atta, Faire
azz	Highland Puebla Nahuatl	Nahuatl, Highland Puebla
baa	Babatana	Babatana
bab	Bainouk-Gunyuño	Bainouk-Gunyuño
bac	Badui	Badui
bae	Baré	Baré
baf	Nubaca	Nubaca
bag	Tuki	Tuki
bah	Bahamas Creole English	Creole English, Bahamas
baj	Barakai	Barakai
bak	Bashkir	Bashkir
bal	Baluchi	Baluchi
bam	Bambara	Bambara
ban	Balinese	Balinese
bao	Waimaha	Waimaha
bap	Bantawa	Bantawa
bar	Bavarian	Bavarian
bas	Basa (Cameroon)	Basa (Cameroon)
bau	Bada (Nigeria)	Bada (Nigeria)
bav	Vengo	Vengo
baw	Bambili-Bambui	Bambili-Bambui
bax	Bamun	Bamun
bay	Batuley	Batuley
bba	Baatonum	Baatonum
bbb	Barai	Barai
bbc	Batak Toba	Batak Toba
bbd	Bau	Bau
bbe	Bangba	Bangba
bbf	Baibai	Baibai
bbg	Barama	Barama
bbh	Bugan	Bugan
bbi	Barombi	Barombi
bbj	Ghomálá'	Ghomálá'
bbk	Babanki	Babanki
bbl	Bats	Bats
bbm	Babango	Babango
bbn	Uneapa	Uneapa
bbo	Konabéré	Konabéré
bbo	Northern Bobo Madaré	Bobo Madaré, Northern
bbp	West Central Banda	Banda, West Central
bbq	Bamali	Bamali
bbr	Girawa	Girawa
bbs	Bakpinka	Bakpinka
bbt	Mburku	Mburku
bbu	Kulung (Nigeria)	Kulung (Nigeria)
bbv	Karnai	Karnai
bbw	Baba	Baba
bbx	Bubia	Bubia
bby	Befang	Befang
bbz	Babalia Creole Arabic	Creole Arabic, Babalia
bca	Central Bai	Bai, Central
bcb	Bainouk-Samik	Bainouk-Samik
bcc	Southern Balochi	Balochi, Southern
bcd	North Babar	Babar, North
bce	Bamenyam	Bamenyam
bcf	Bamu	Bamu
bcg	Baga Binari	Baga Binari
bch	Bariai	Bariai
bci	Baoulé	Baoulé
bcj	Bardi	Bardi
bck	Bunaba	Bunaba
bcl	Central Bikol	Bikol, Central
bcm	Bannoni	Bannoni
bcn	Bali (Nigeria)	Bali (Nigeria)
bco	Kaluli	Kaluli
bcp	Bali (Democratic Republic of Congo)	Bali (Democratic Republic of Congo)
bcq	Bench	Bench
bcr	Babine	Babine
bcs	Kohumono	Kohumono
bct	Bendi	Bendi
bcu	Awad Bing	Awad Bing
bcv	Shoo-Minda-Nye	Shoo-Minda-Nye
bcw	Bana	Bana
bcy	Bacama	Bacama
bcz	Bainouk-Gunyaamolo	Bainouk-Gunyaamolo
bda	Bayot	Bayot
bdb	Basap	Basap
bdc	Emberá-Baudó	Emberá-Baudó
bdd	Bunama	Bunama
bde	Bade	Bade
bdf	Biage	Biage
bdg	Bonggi	Bonggi
bdh	Baka (Sudan)	Baka (Sudan)
bdi	Burun	Burun
bdj	Bai	Bai
bdk	Budukh	Budukh
bdl	Indonesian Bajau	Bajau, Indonesian
bdm	Buduma	Buduma
bdn	Baldemu	Baldemu
bdo	Morom	Morom
bdp	Bende	Bende
bdq	Bahnar	Bahnar
bdr	West Coast Bajau	Bajau, West Coast
bds	Burunge	Burunge
bdt	Bokoto	Bokoto
bdu	Oroko	Oroko
bdv	Bodo Parja	Bodo Parja
bdw	Baham	Baham
bdx	Budong-Budong	Budong-Budong
bdy	Bandjalang	Bandjalang
bdz	Badeshi	Badeshi
bea	Beaver	Beaver
beb	Bebele	Bebele
bec	Iceve-Maci	Iceve-Maci
bed	Bedoanas	Bedoanas
bee	Byangsi	Byangsi
bef	Benabena	Benabena
beg	Belait	Belait
beh	Biali	Biali
bei	Bekati'	Bekati'
bej	Bedawiyet	Bedawiyet
bej	Beja	Beja
bek	Bebeli	Bebeli
bel	Belarusian	Belarusian
bem	Bemba (Zambia)	Bemba (Zambia)
ben	Bengali	Bengali
beo	Beami	Beami
bep	Besoa	Besoa
beq	Beembe	Beembe
bes	Besme	Besme
bet	Guiberoua Béte	Béte, Guiberoua
beu	Blagar	Blagar
bev	Daloa Bété	Bété, Daloa
bew	Betawi	Betawi
bex	Jur Modo	Jur Modo
bey	Beli (Papua New Guinea)	Beli (Papua New Guinea)
bez	Bena (Tanzania)	Bena (Tanzania)
bfa	Bari	Bari
bfb	Pauri Bareli	Bareli, Pauri
bfc	Northern Bai	Bai, Northern
bfd	Bafut	Bafut
bfe	Betaf	Betaf
bfe	Tena	Tena
bff	Bofi	Bofi
bfg	Busang Kayan	Kayan, Busang
bfh	Blafe	Blafe
bfi	British Sign Language	British Sign Language
bfj	Bafanji	Bafanji
bfk	Ban Khor Sign Language	Ban Khor Sign Language
bfl	Banda-Ndélé	Banda-Ndélé
bfm	Mmen	Mmen
bfn	Bunak	Bunak
bfo	Malba Birifor	Birifor, Malba
bfp	Beba	Beba
bfq	Badaga	Badaga
bfr	Bazigar	Bazigar
bfs	Southern Bai	Bai, Southern
bft	Balti	Balti
bfu	Gahri	Gahri
bfw	Bondo	Bondo
bfx	Bantayanon	Bantayanon
bfy	Bagheli	Bagheli
bfz	Mahasu Pahari	Pahari, Mahasu
bga	Gwamhi-Wuri	Gwamhi-Wuri
bgb	Bobongko	Bobongko
bgc	Haryanvi	Haryanvi
bgd	Rathwi Bareli	Bareli, Rathwi
bge	Bauria	Bauria
bgf	Bangandu	Bangandu
bgg	Bugun	Bugun
bgi	Giangan	Giangan
bgj	Bangolan	Bangolan
bgk	Bit	Bit
bgk	Buxinhua	Buxinhua
bgl	Bo (Laos)	Bo (Laos)
bgm	Baga Mboteni	Baga Mboteni
bgn	Western Balochi	Balochi, Western
bgo	Baga Koga	Baga Koga
bgp	Eastern Balochi	Balochi, Eastern
bgq	Bagri	Bagri
bgr	Bawm Chin	Chin, Bawm
bgs	Tagabawa	Tagabawa
bgt	Bughotu	Bughotu
bgu	Mbongno	Mbongno
bgv	Warkay-Bipim	Warkay-Bipim
bgw	Bhatri	Bhatri
bgx	Balkan Gagauz Turkish	Turkish, Balkan Gagauz
bgy	Benggoi	Benggoi
bgz	Banggai	Banggai
bha	Bharia	Bharia
bhb	Bhili	Bhili
bhc	Biga	Biga
bhd	Bhadrawahi	Bhadrawahi
bhe	Bhaya	Bhaya
bhf	Odiai	Odiai
bhg	Binandere	Binandere
bhh	Bukharic	Bukharic
bhi	Bhilali	Bhilali
bhj	Bahing	Bahing
bhl	Bimin	Bimin
bhm	Bathari	Bathari
bhn	Bohtan Neo-Aramaic	Neo-Aramaic, Bohtan
bho	Bhojpuri	Bhojpuri
bhp	Bima	Bima
bhq	Tukang Besi South	Tukang Besi South
bhr	Bara Malagasy	Malagasy, Bara
bhs	Buwal	Buwal
bht	Bhattiyali	Bhattiyali
bhu	Bhunjia	Bhunjia
bhv	Bahau	Bahau
bhw	Biak	Biak
bhx	Bhalay	Bhalay
bhy	Bhele	Bhele
bhz	Bada (Indonesia)	Bada (Indonesia)
bia	Badimaya	Badimaya
bib	Bisa	Bisa
bib	Bissa	Bissa
bic	Bikaru	Bikaru
bid	Bidiyo	Bidiyo
bie	Bepour	Bepour
bif	Biafada	Biafada
big	Biangai	Biangai
bij	Vaghat-Ya-Bijim-Legeri	Vaghat-Ya-Bijim-Legeri
bik	Bikol	Bikol
bil	Bile	Bile
bim	Bimoba	Bimoba
bin	Bini	Bini
bin	Edo	Edo
bio	Nai	Nai
bip	Bila	Bila
biq	Bipi	Bipi
bir	Bisorio	Bisorio
bis	Bislama	Bislama
bit	Berinomo	Berinomo
biu	Biete	Biete
biv	Southern Birifor	Birifor, Southern
biw	Kol (Cameroon)	Kol (Cameroon)
bix	Bijori	Bijori
biy	Birhor	Birhor
biz	Baloi	Baloi
bja	Budza	Budza
bjb	Banggarla	Banggarla
bjc	Bariji	Bariji
bje	Biao-Jiao Mien	Mien, Biao-Jiao
bjf	Barzani Jewish Neo-Aramaic	Neo-Aramaic, Barzani Jewish
bjg	Bidyogo	Bidyogo
bjh	Bahinemo	Bahinemo
bji	Burji	Burji
bjj	Kanauji	Kanauji
bjk	Barok	Barok
bjl	Bulu (Papua New Guinea)	Bulu (Papua New Guinea)
bjm	Bajelani	Bajelani
bjn	Banjar	Banjar
bjo	Mid-Southern Banda	Banda, Mid-Southern
bjr	Binumarien	Binumarien
bjs	Bajan	Bajan
bjt	Balanta-Ganja	Balanta-Ganja
bju	Busuu	Busuu
bjv	Bedjond	Bedjond
bjw	Bakwé	Bakwé
bjx	Banao Itneg	Itneg, Banao
bjy	Bayali	Bayali
bjz	Baruga	Baruga
bka	Kyak	Kyak
bkc	Baka (Cameroon)	Baka (Cameroon)
bkd	Binukid	Binukid
bkd	Talaandig	Talaandig
bkf	Beeke	Beeke
bkg	Buraka	Buraka
bkh	Bakoko	Bakoko
bki	Baki	Baki
bkj	Pande	Pande
bkk	Brokskat	Brokskat
bkl	Berik	Berik
bkm	Kom (Cameroon)	Kom (Cameroon)
bkn	Bukitan	Bukitan
bko	Kwa'	Kwa'
bkp	Boko (Democratic Republic of Congo)	Boko (Democratic Republic of Congo)
bkq	Bakairí	Bakairí
bkr	Bakumpai	Bakumpai
bks	Northern Sorsoganon	Sorsoganon, Northern
bkt	Boloki	Boloki
bku	Buhid	Buhid
bkv	Bekwarra	Bekwarra
bkw	Bekwel	Bekwel
bkx	Baikeno	Baikeno
bky	Bokyi	Bokyi
bkz	Bungku	Bungku
bla	Siksika	Siksika
blb	Bilua	Bilua
blc	Bella Coola	Bella Coola
bld	Bolango	Bolango
ble	Balanta-Kentohe	Balanta-Kentohe
blf	Buol	Buol
blg	Balau	Balau
blh	Kuwaa	Kuwaa
bli	Bolia	Bolia
blj	Bolongan	Bolongan
blk	Pa'O	Pa'O
blk	Pa'o Karen	Karen, Pa'o
bll	Biloxi	Biloxi
blm	Beli (Sudan)	Beli (Sudan)
bln	Southern Catanduanes Bikol	Bikol, Southern Catanduanes
blo	Anii	Anii
blp	Blablanga	Blablanga
blq	Baluan-Pam	Baluan-Pam
blr	Blang	Blang
bls	Balaesang	Balaesang
blt	Tai Dam	Tai Dam
blv	Bolo	Bolo
blw	Balangao	Balangao
blx	Mag-Indi Ayta	Ayta, Mag-Indi
bly	Notre	Notre
blz	Balantak	Balantak
bma	Lame	Lame
bmb	Bembe	Bembe
bmc	Biem	Biem
bmd	Baga Manduri	Manduri, Baga
bme	Limassa	Limassa
bmf	Bom	Bom
bmg	Bamwe	Bamwe
bmh	Kein	Kein
bmi	Bagirmi	Bagirmi
bmj	Bote-Majhi	Bote-Majhi
bmk	Ghayavi	Ghayavi
bml	Bomboli	Bomboli
bmm	Northern Betsimisaraka Malagasy	Malagasy, Northern Betsimisaraka
bmn	Bina (Papua New Guinea)	Bina (Papua New Guinea)
bmo	Bambalang	Bambalang
bmp	Bulgebi	Bulgebi
bmq	Bomu	Bomu
bmr	Muinane	Muinane
bms	Bilma Kanuri	Kanuri, Bilma
bmt	Biao Mon	Biao Mon
bmu	Somba-Siawari	Somba-Siawari
bmv	Bum	Bum
bmw	Bomwali	Bomwali
bmx	Baimak	Baimak
bmy	Bemba (Democratic Republic of Congo)	Bemba (Democratic Republic of Congo)
bmz	Baramu	Baramu
bna	Bonerate	Bonerate
bnb	Bookan	Bookan
bnc	Bontok	Bontok
bnd	Banda (Indonesia)	Banda (Indonesia)
bne	Bintauna	Bintauna
bnf	Masiwang	Masiwang
bng	Benga	Benga
bni	Bangi	Bangi
bnj	Eastern Tawbuid	Tawbuid, Eastern
bnk	Bierebo	Bierebo
bnl	Boon	Boon
bnm	Batanga	Batanga
bnn	Bunun	Bunun
bno	Bantoanon	Bantoanon
bnp	Bola	Bola
bnq	Bantik	Bantik
bnr	Butmas-Tur	Butmas-Tur
bns	Bundeli	Bundeli
bnu	Bentong	Bentong
bnv	Beneraf	Beneraf
bnv	Bonerif	Bonerif
bnv	Edwas	Edwas
bnw	Bisis	Bisis
bnx	Bangubangu	Bangubangu
bny	Bintulu	Bintulu
bnz	Beezen	Beezen
boa	Bora	Bora
bob	Aweer	Aweer
bod	Tibetan	Tibetan
boe	Mundabli	Mundabli
bof	Bolon	Bolon
bog	Bamako Sign Language	Bamako Sign Language
boh	Boma	Boma
boi	Barbareño	Barbareño
boj	Anjam	Anjam
bok	Bonjo	Bonjo
bol	Bole	Bole
bom	Berom	Berom
bon	Bine	Bine
boo	Tiemacèwè Bozo	Bozo, Tiemacèwè
bop	Bonkiman	Bonkiman
boq	Bogaya	Bogaya
bor	Borôro	Borôro
bos	Bosnian	Bosnian
bot	Bongo	Bongo
bou	Bondei	Bondei
bov	Tuwuli	Tuwuli
bow	Rema	Rema
box	Buamu	Buamu
boy	Bodo (Central African Republic)	Bodo (Central African Republic)
boz	Tiéyaxo Bozo	Bozo, Tiéyaxo
bpa	Dakaka	Dakaka
bpb	Barbacoas	Barbacoas
bpd	Banda-Banda	Banda-Banda
bpg	Bonggo	Bonggo
bph	Botlikh	Botlikh
bpi	Bagupi	Bagupi
bpj	Binji	Binji
bpk	Orowe	Orowe
bpl	Broome Pearling Lugger Pidgin	Broome Pearling Lugger Pidgin
bpm	Biyom	Biyom
bpn	Dzao Min	Dzao Min
bpo	Anasi	Anasi
bpp	Kaure	Kaure
bpq	Banda Malay	Malay, Banda
bpr	Koronadal Blaan	Blaan, Koronadal
bps	Sarangani Blaan	Blaan, Sarangani
bpt	Barrow Point	Barrow Point
bpu	Bongu	Bongu
bpv	Bian Marind	Marind, Bian
bpw	Bo (Papua New Guinea)	Bo (Papua New Guinea)
bpx	Palya Bareli	Bareli, Palya
bpy	Bishnupriya	Bishnupriya
bpz	Bilba	Bilba
bqa	Tchumbuli	Tchumbuli
bqb	Bagusa	Bagusa
bqc	Boko (Benin)	Boko (Benin)
bqd	Bung	Bung
bqf	Baga Kaloum	Baga Kaloum
bqg	Bago-Kusuntu	Bago-Kusuntu
bqh	Baima	Baima
bqi	Bakhtiari	Bakhtiari
bqj	Bandial	Bandial
bqk	Banda-Mbrès	Banda-Mbrès
bql	Bilakura	Bilakura
bqm	Wumboko	Wumboko
bqn	Bulgarian Sign Language	Bulgarian Sign Language
bqo	Balo	Balo
bqp	Busa	Busa
bqq	Biritai	Biritai
bqr	Burusu	Burusu
bqs	Bosngun	Bosngun
bqt	Bamukumbit	Bamukumbit
bqu	Boguru	Boguru
bqv	Begbere-Ejar	Begbere-Ejar
bqv	Koro Wachi	Koro Wachi
bqw	Buru (Nigeria)	Buru (Nigeria)
bqx	Baangi	Baangi
bqy	Bengkala Sign Language	Bengkala Sign Language
bqz	Bakaka	Bakaka
bra	Braj	Braj
brb	Lave	Lave
brc	Berbice Creole Dutch	Creole Dutch, Berbice
brd	Baraamu	Baraamu
bre	Breton	Breton
brf	Bera	Bera
brg	Baure	Baure
brh	Brahui	Brahui
bri	Mokpwe	Mokpwe
brj	Bieria	Bieria
brk	Birked	Birked
brl	Birwa	Birwa
brm	Barambu	Barambu
brn	Boruca	Boruca
bro	Brokkat	Brokkat
brp	Barapasi	Barapasi
brq	Breri	Breri
brr	Birao	Birao
brs	Baras	Baras
brt	Bitare	Bitare
bru	Eastern Bru	Bru, Eastern
brv	Western Bru	Bru, Western
brw	Bellari	Bellari
brx	Bodo (India)	Bodo (India)
bry	Burui	Burui
brz	Bilbil	Bilbil
bsa	Abinomn	Abinomn
bsb	Brunei Bisaya	Bisaya, Brunei
bsc	Bassari	Bassari
bsc	Oniyan	Oniyan
bse	Wushi	Wushi
bsf	Bauchi	Bauchi
bsg	Bashkardi	Bashkardi
bsh	Kati	Kati
bsi	Bassossi	Bassossi
bsj	Bangwinji	Bangwinji
bsk	Burushaski	Burushaski
bsl	Basa-Gumna	Basa-Gumna
bsm	Busami	Busami
bsn	Barasana-Eduria	Barasana-Eduria
bso	Buso	Buso
bsp	Baga Sitemu	Baga Sitemu
bsq	Bassa	Bassa
bsr	Bassa-Kontagora	Bassa-Kontagora
bss	Akoose	Akoose
bst	Basketo	Basketo
bsu	Bahonsuai	Bahonsuai
bsv	Baga Sobané	Baga Sobané
bsw	Baiso	Baiso
bsx	Yangkam	Yangkam
bsy	Sabah Bisaya	Bisaya, Sabah
bta	Bata	Bata
btc	Bati (Cameroon)	Bati (Cameroon)
btd	Batak Dairi	Batak Dairi
bte	Gamo-Ningi	Gamo-Ningi
btf	Birgit	Birgit
btg	Gagnoa Bété	Bété, Gagnoa
bth	Biatah Bidayuh	Bidayuh, Biatah
bti	Burate	Burate
btj	Bacanese Malay	Malay, Bacanese
btl	Bhatola	Bhatola
btm	Batak Mandailing	Batak Mandailing
btn	Ratagnon	Ratagnon
bto	Rinconada Bikol	Bikol, Rinconada
btp	Budibud	Budibud
btq	Batek	Batek
btr	Baetora	Baetora
bts	Batak Simalungun	Batak Simalungun
btt	Bete-Bendi	Bete-Bendi
btu	Batu	Batu
btv	Bateri	Bateri
btw	Butuanon	Butuanon
btx	Batak Karo	Batak Karo
bty	Bobot	Bobot
btz	Batak Alas-Kluet	Batak Alas-Kluet
bua	Buriat	Buriat
bub	Bua	Bua
buc	Bushi	Bushi
bud	Ntcham	Ntcham
bue	Beothuk	Beothuk
buf	Bushoong	Bushoong
bug	Buginese	Buginese
buh	Younuo Bunu	Bunu, Younuo
bui	Bongili	Bongili
buj	Basa-Gurmana	Basa-Gurmana
buk	Bugawac	Bugawac
bul	Bulgarian	Bulgarian
bum	Bulu (Cameroon)	Bulu (Cameroon)
bun	Sherbro	Sherbro
buo	Terei	Terei
bup	Busoa	Busoa
buq	Brem	Brem
bus	Bokobaru	Bokobaru
but	Bungain	Bungain
buu	Budu	Budu
buv	Bun	Bun
buw	Bubi	Bubi
bux	Boghom	Boghom
buy	Bullom So	Bullom So
buz	Bukwen	Bukwen
bva	Barein	Barein
bvb	Bube	Bube
bvc	Baelelea	Baelelea
bvd	Baeggu	Baeggu
bve	Berau Malay	Malay, Berau
bvf	Boor	Boor
bvg	Bonkeng	Bonkeng
bvh	Bure	Bure
bvi	Belanda Viri	Belanda Viri
bvj	Baan	Baan
bvk	Bukat	Bukat
bvl	Bolivian Sign Language	Bolivian Sign Language
bvm	Bamunka	Bamunka
bvn	Buna	Buna
bvo	Bolgo	Bolgo
bvq	Birri	Birri
bvr	Burarra	Burarra
bvt	Bati (Indonesia)	Bati (Indonesia)
bvu	Bukit Malay	Malay, Bukit
bvv	Baniva	Baniva
bvw	Boga	Boga
bvx	Dibole	Dibole
bvy	Baybayanon	Baybayanon
bvz	Bauzi	Bauzi
bwa	Bwatoo	Bwatoo
bwb	Namosi-Naitasiri-Serua	Namosi-Naitasiri-Serua
bwc	Bwile	Bwile
bwd	Bwaidoka	Bwaidoka
bwe	Bwe Karen	Karen, Bwe
bwf	Boselewa	Boselewa
bwg	Barwe	Barwe
bwh	Bishuo	Bishuo
bwi	Baniwa	Baniwa
bwj	Láá Láá Bwamu	Bwamu, Láá Láá
bwk	Bauwaki	Bauwaki
bwl	Bwela	Bwela
bwm	Biwat	Biwat
bwn	Wunai Bunu	Bunu, Wunai
bwo	Borna (Ethiopia)	Borna (Ethiopia)
bwo	Boro (Ethiopia)	Boro (Ethiopia)
bwp	Mandobo Bawah	Mandobo Bawah
bwq	Southern Bobo Madaré	Bobo Madaré, Southern
bwr	Bura-Pabir	Bura-Pabir
bws	Bomboma	Bomboma
bwt	Bafaw-Balong	Bafaw-Balong
bwu	Buli (Ghana)	Buli (Ghana)
bww	Bwa	Bwa
bwx	Bu-Nao Bunu	Bunu, Bu-Nao
bwy	Cwi Bwamu	Bwamu, Cwi
bwz	Bwisi	Bwisi
bxa	Bauro	Bauro
bxb	Belanda Bor	Bor, Belanda
bxc	Molengue	Molengue
bxd	Pela	Pela
bxe	Birale	Birale
bxf	Bilur	Bilur
bxg	Bangala	Bangala
bxh	Buhutu	Buhutu
bxi	Pirlatapa	Pirlatapa
bxj	Bayungu	Bayungu
bxk	Bukusu	Bukusu
bxk	Lubukusu	Lubukusu
bxl	Jalkunan	Jalkunan
bxm	Mongolia Buriat	Buriat, Mongolia
bxn	Burduna	Burduna
bxo	Barikanchi	Barikanchi
bxp	Bebil	Bebil
bxq	Beele	Beele
bxr	Russia Buriat	Buriat, Russia
bxs	Busam	Busam
bxu	China Buriat	Buriat, China
bxv	Berakou	Berakou
bxw	Bankagooma	Bankagooma
bxx	Borna (Democratic Republic of Congo)	Borna (Democratic Republic of Congo)
bxz	Binahari	Binahari
bya	Batak	Batak
byb	Bikya	Bikya
byc	Ubaghara	Ubaghara
byd	Benyadu'	Benyadu'
bye	Pouye	Pouye
byf	Bete	Bete
byg	Baygo	Baygo
byh	Bhujel	Bhujel
byi	Buyu	Buyu
byj	Bina (Nigeria)	Bina (Nigeria)
byk	Biao	Biao
byl	Bayono	Bayono
bym	Bidyara	Bidyara
byn	Bilin	Bilin
byn	Blin	Blin
byo	Biyo	Biyo
byp	Bumaji	Bumaji
byq	Basay	Basay
byr	Baruya	Baruya
byr	Yipma	Yipma
bys	Burak	Burak
byt	Berti	Berti
byv	Medumba	Medumba
byw	Belhariya	Belhariya
byx	Qaqet	Qaqet
byy	Buya	Buya
byz	Banaro	Banaro
bza	Bandi	Bandi
bzb	Andio	Andio
bzc	Southern Betsimisaraka Malagasy	Malagasy, Southern Betsimisaraka
bzd	Bribri	Bribri
bze	Jenaama Bozo	Bozo, Jenaama
bzf	Boikin	Boikin
bzg	Babuza	Babuza
bzh	Mapos Buang	Buang, Mapos
bzi	Bisu	Bisu
bzj	Belize Kriol English	Kriol English, Belize
bzk	Nicaragua Creole English	Creole English, Nicaragua
bzl	Boano (Sulawesi)	Boano (Sulawesi)
bzm	Bolondo	Bolondo
bzn	Boano (Maluku)	Boano (Maluku)
bzo	Bozaba	Bozaba
bzp	Kemberano	Kemberano
bzq	Buli (Indonesia)	Buli (Indonesia)
bzr	Biri	Biri
bzs	Brazilian Sign Language	Brazilian Sign Language
bzt	Brithenig	Brithenig
bzu	Burmeso	Burmeso
bzv	Bebe	Bebe
bzw	Basa (Nigeria)	Basa (Nigeria)
bzx	Kɛlɛngaxo Bozo	Bozo, Kɛlɛngaxo
bzy	Obanliku	Obanliku
bzz	Evant	Evant
caa	Chortí	Chortí
cab	Garifuna	Garifuna
cac	Chuj	Chuj
cad	Caddo	Caddo
cae	Laalaa	Laalaa
cae	Lehar	Lehar
caf	Southern Carrier	Carrier, Southern
cag	Nivaclé	Nivaclé
cah	Cahuarano	Cahuarano
caj	Chané	Chané
cak	Cakchiquel	Cakchiquel
cak	Kaqchikel	Kaqchikel
cal	Carolinian	Carolinian
cam	Cemuhî	Cemuhî
can	Chambri	Chambri
cao	Chácobo	Chácobo
cap	Chipaya	Chipaya
caq	Car Nicobarese	Nicobarese, Car
car	Galibi Carib	Carib, Galibi
cas	Tsimané	Tsimané
cat	Catalan	Catalan
cat	Valencian	Valencian
cav	Cavineña	Cavineña
caw	Callawalla	Callawalla
cax	Chiquitano	Chiquitano
cay	Cayuga	Cayuga
caz	Canichana	Canichana
cbb	Cabiyarí	Cabiyarí
cbc	Carapana	Carapana
cbd	Carijona	Carijona
cbe	Chipiajes	Chipiajes
cbg	Chimila	Chimila
cbh	Cagua	Cagua
cbi	Chachi	Chachi
cbj	Ede Cabe	Ede Cabe
cbk	Chavacano	Chavacano
cbl	Bualkhaw Chin	Chin, Bualkhaw
cbn	Nyahkur	Nyahkur
cbo	Izora	Izora
cbr	Cashibo-Cacataibo	Cashibo-Cacataibo
cbs	Cashinahua	Cashinahua
cbt	Chayahuita	Chayahuita
cbu	Candoshi-Shapra	Candoshi-Shapra
cbv	Cacua	Cacua
cbw	Kinabalian	Kinabalian
cby	Carabayo	Carabayo
cca	Cauca	Cauca
ccc	Chamicuro	Chamicuro
ccd	Cafundo Creole	Creole, Cafundo
cce	Chopi	Chopi
ccg	Samba Daka	Daka, Samba
cch	Atsam	Atsam
ccj	Kasanga	Kasanga
ccl	Cutchi-Swahili	Cutchi-Swahili
ccm	Malaccan Creole Malay	Creole Malay, Malaccan
cco	Comaltepec Chinantec	Chinantec, Comaltepec
ccp	Chakma	Chakma
ccr	Cacaopera	Cacaopera
cda	Choni	Choni
cde	Chenchu	Chenchu
cdf	Chiru	Chiru
cdg	Chamari	Chamari
cdh	Chambeali	Chambeali
cdi	Chodri	Chodri
cdj	Churahi	Churahi
cdm	Chepang	Chepang
cdn	Chaudangsi	Chaudangsi
cdo	Min Dong Chinese	Chinese, Min Dong
cdr	Cinda-Regi-Tiyal	Cinda-Regi-Tiyal
cds	Chadian Sign Language	Chadian Sign Language
cdy	Chadong	Chadong
cdz	Koda	Koda
cea	Lower Chehalis	Chehalis, Lower
ceb	Cebuano	Cebuano
ceg	Chamacoco	Chamacoco
cek	Eastern Khumi Chin	Chin, Eastern Khumi
cen	Cen	Cen
ces	Czech	Czech
cet	Centúúm	Centúúm
cfa	Dijim-Bwilim	Dijim-Bwilim
cfd	Cara	Cara
cfg	Como Karim	Como Karim
cfm	Falam Chin	Chin, Falam
cga	Changriwa	Changriwa
cgc	Kagayanen	Kagayanen
cgg	Chiga	Chiga
cgk	Chocangacakha	Chocangacakha
cha	Chamorro	Chamorro
chb	Chibcha	Chibcha
chc	Catawba	Catawba
chd	Highland Oaxaca Chontal	Chontal, Highland Oaxaca
che	Chechen	Chechen
chf	Tabasco Chontal	Chontal, Tabasco
chg	Chagatai	Chagatai
chh	Chinook	Chinook
chj	Ojitlán Chinantec	Chinantec, Ojitlán
chk	Chuukese	Chuukese
chl	Cahuilla	Cahuilla
chm	Mari (Russia)	Mari (Russia)
chn	Chinook jargon	Chinook jargon
cho	Choctaw	Choctaw
chp	Chipewyan	Chipewyan
chp	Dene Suline	Dene Suline
chq	Quiotepec Chinantec	Chinantec, Quiotepec
chr	Cherokee	Cherokee
cht	Cholón	Cholón
chu	Church Slavic	Slavic, Church
chu	Church Slavonic	Slavonic, Church
chu	Old Bulgarian	Bulgarian, Old
chu	Old Church Slavonic	Slavonic, Old Church
chu	Old Slavonic	Slavonic, Old
chv	Chuvash	Chuvash
chw	Chuwa